t,pe,ke,te,q1,q2
0.000000,-0.000000,0.000000,-0.000000,1.570796,0.000000
0.010000,-0.003517,0.003517,-0.000000,1.568346,0.002450
0.020000,-0.014070,0.014070,-0.000000,1.560996,0.009800
0.030000,-0.031654,0.031654,-0.000000,1.548747,0.022049
0.040000,-0.056262,0.056262,-0.000000,1.531599,0.039195
0.050000,-0.087871,0.087871,-0.000000,1.509555,0.061231
0.060000,-0.126432,0.126432,-0.000000,1.482624,0.088144
0.070000,-0.171860,0.171860,-0.000000,1.450815,0.119910
0.080000,-0.224015,0.224015,-0.000000,1.414149,0.156489
0.090000,-0.282684,0.282684,-0.000000,1.372655,0.197820
0.100000,-0.347563,0.347563,-0.000000,1.326377,0.243819
0.110000,-0.418233,0.418233,-0.000000,1.275372,0.294365
0.120000,-0.494145,0.494145,-0.000000,1.219719,0.349303
0.130000,-0.574597,0.574597,-0.000000,1.159518,0.408431
0.140000,-0.658724,0.658724,-0.000000,1.094896,0.471501
0.150000,-0.745491,0.745491,-0.000000,1.026007,0.538211
0.160000,-0.833689,0.833689,-0.000000,0.953036,0.608207
0.170000,-0.921950,0.921950,-0.000000,0.876199,0.681081
0.180000,-1.008771,1.008771,-0.000000,0.795746,0.756372
0.190000,-1.092540,1.092540,-0.000000,0.711958,0.833576
0.200000,-1.171592,1.171592,-0.000000,0.625149,0.912150
0.210000,-1.244259,1.244259,-0.000000,0.535662,0.991520
0.220000,-1.308935,1.308935,-0.000000,0.443870,1.071093
0.230000,-1.364143,1.364143,-0.000000,0.350171,1.150269
0.240000,-1.408605,1.408605,-0.000000,0.254983,1.228448
0.250000,-1.441302,1.441302,-0.000000,0.158746,1.305045
0.260000,-1.461526,1.461526,-0.000000,0.061912,1.379499
0.270000,-1.468917,1.468917,-0.000000,-0.035057,1.451277
0.280000,-1.463487,1.463487,-0.000000,-0.131693,1.519887
0.290000,-1.445614,1.445614,-0.000000,-0.227531,1.584876
0.300000,-1.416027,1.416027,-0.000000,-0.322110,1.645840
0.310000,-1.375765,1.375765,-0.000000,-0.414982,1.702420
0.320000,-1.326124,1.326124,-0.000000,-0.505716,1.754306
0.330000,-1.268594,1.268594,-0.000000,-0.593903,1.801234
0.340000,-1.204788,1.204788,-0.000000,-0.679159,1.842984
0.350000,-1.136372,1.136372,-0.000000,-0.761131,1.879378
0.360000,-1.065002,1.065002,-0.000000,-0.839496,1.910277
0.370000,-0.992266,0.992266,-0.000000,-0.913964,1.935575
0.380000,-0.919644,0.919644,-0.000000,-0.984278,1.955200
0.390000,-0.848470,0.848470,-0.000000,-1.050213,1.969104
0.400000,-0.779918,0.779918,-0.000000,-1.111576,1.977264
0.410000,-0.714991,0.714991,-0.000000,-1.168201,1.979673
0.420000,-0.654525,0.654525,-0.000000,-1.219950,1.976342
0.430000,-0.599197,0.599197,-0.000000,-1.266707,1.967295
0.440000,-0.549538,0.549538,-0.000000,-1.308378,1.952560
0.450000,-0.505957,0.505957,-0.000000,-1.344887,1.932174
0.460000,-0.468757,0.468757,-0.000000,-1.376171,1.906174
0.470000,-0.438154,0.438154,-0.000000,-1.402184,1.874598
0.480000,-0.414297,0.414297,-0.000000,-1.422887,1.837478
0.490000,-0.397285,0.397285,-0.000000,-1.438252,1.794844
0.500000,-0.387177,0.387177,-0.000000,-1.448258,1.746713
0.510000,-0.384008,0.384008,-0.000000,-1.452890,1.693096
0.520000,-0.387787,0.387787,-0.000000,-1.452137,1.633992
0.530000,-0.398508,0.398508,-0.000000,-1.445996,1.569385
0.540000,-0.416142,0.416142,-0.000000,-1.434464,1.499249
0.550000,-0.440637,0.440637,-0.000000,-1.417547,1.423544
0.560000,-0.471905,0.471905,-0.000000,-1.395252,1.342222
0.570000,-0.509813,0.509813,-0.000000,-1.367597,1.255226
0.580000,-0.554164,0.554164,-0.000000,-1.334604,1.162495
0.590000,-0.604679,0.604679,-0.000000,-1.296310,1.063977
0.600000,-0.660972,0.660972,-0.000000,-1.252765,0.959630
0.610000,-0.722533,0.722533,-0.000000,-1.204036,0.849441
0.620000,-0.788698,0.788698,-0.000000,-1.150220,0.733439
0.630000,-0.858634,0.858634,-0.000000,-1.091441,0.611713
0.640000,-0.931321,0.931321,-0.000000,-1.027868,0.484432
0.650000,-1.005551,1.005551,-0.000000,-0.959711,0.351864
0.660000,-1.079934,1.079934,-0.000000,-0.887237,0.214391
0.670000,-1.152932,1.152932,-0.000000,-0.810768,0.072521
0.680000,-1.222899,1.222899,-0.000000,-0.730680,-0.073114
0.690000,-1.288150,1.288150,-0.000000,-0.647399,-0.221773
0.700000,-1.347039,1.347039,-0.000000,-0.561388,-0.372627
0.710000,-1.398030,1.398030,-0.000000,-0.473136,-0.524799
0.720000,-1.439779,1.439779,-0.000000,-0.383136,-0.677402
0.730000,-1.471183,1.471183,-0.000000,-0.291875,-0.829579
0.740000,-1.491426,1.491426,-0.000000,-0.199822,-0.980536
0.750000,-1.499992,1.499992,-0.000000,-0.107418,-1.129567
0.760000,-1.496671,1.496671,-0.000000,-0.015078,-1.276064
0.770000,-1.481547,1.481547,-0.000000,0.076809,-1.419519
0.780000,-1.454983,1.454983,-0.000000,0.167875,-1.559523
0.790000,-1.417595,1.417595,-0.000000,0.257769,-1.695754
0.800000,-1.370224,1.370224,-0.000000,0.346151,-1.827967
0.810000,-1.313904,1.313904,-0.000000,0.432694,-1.955979
0.820000,-1.249827,1.249827,-0.000000,0.517076,-2.079660
0.830000,-1.179303,1.179303,-0.000000,0.598985,-2.198924
0.840000,-1.103714,1.103714,-0.000000,0.678122,-2.313711
0.850000,-1.024478,1.024478,-0.000000,0.754199,-2.423986
0.860000,-0.943000,0.943000,-0.000000,0.826949,-2.529730
0.870000,-0.860636,0.860636,-0.000000,0.896123,-2.630932
0.880000,-0.778661,0.778661,-0.000000,0.961498,-2.727587
0.890000,-0.698242,0.698242,-0.000000,1.022876,-2.819689
0.900000,-0.620423,0.620423,-0.000000,1.080084,-2.907233
0.910000,-0.546111,0.546111,-0.000000,1.132977,-2.990211
0.920000,-0.476080,0.476080,-0.000000,1.181435,-3.068610
0.930000,-0.410972,0.410972,-0.000000,1.225360,-3.142417
0.940000,-0.351308,0.351308,-0.000000,1.264676,-3.211614
0.950000,-0.297499,0.297499,-0.000000,1.299325,-3.276182
0.960000,-0.249865,0.249865,-0.000000,1.329263,-3.336099
0.970000,-0.208644,0.208644,-0.000000,1.354461,-3.391347
0.980000,-0.174012,0.174012,-0.000000,1.374897,-3.441906
0.990000,-0.146092,0.146092,-0.000000,1.390558,-3.487759
1.000000,-0.124968,0.124968,-0.000000,1.401438,-3.528895
1.010000,-0.110692,0.110692,-0.000000,1.407532,-3.565307
1.020000,-0.103291,0.103291,-0.000000,1.408843,-3.596991
1.030000,-0.102771,0.102771,-0.000000,1.405372,-3.623955
1.040000,-0.109117,0.109117,-0.000000,1.397126,-3.646212
1.050000,-0.122289,0.122289,-0.000000,1.384112,-3.663784
1.060000,-0.142224,0.142224,-0.000000,1.366342,-3.676705
1.070000,-0.168822,0.168822,-0.000000,1.343831,-3.685018
1.080000,-0.201938,0.201938,-0.000000,1.316600,-3.688781
1.090000,-0.241376,0.241376,-0.000000,1.284677,-3.688064
1.100000,-0.286866,0.286866,-0.000000,1.248099,-3.682949
1.110000,-0.338058,0.338058,-0.000000,1.206914,-3.673537
1.120000,-0.394503,0.394503,-0.000000,1.161182,-3.659942
1.130000,-0.455639,0.455639,-0.000000,1.110981,-3.642294
1.140000,-0.520777,0.520777,-0.000000,1.056407,-3.620743
1.150000,-0.589097,0.589097,-0.000000,0.997577,-3.595453
1.160000,-0.659634,0.659634,-0.000000,0.934632,-3.566605
1.170000,-0.731287,0.731287,-0.000000,0.867740,-3.534399
1.180000,-0.802827,0.802827,-0.000000,0.797099,-3.499050
1.190000,-0.872911,0.872911,-0.000000,0.722936,-3.460788
1.200000,-0.940116,0.940116,-0.000000,0.645509,-3.419857
1.210000,-1.002974,1.002974,-0.000000,0.565111,-3.376515
1.220000,-1.060021,1.060021,-0.000000,0.482066,-3.331034
1.230000,-1.109852,1.109852,-0.000000,0.396726,-3.283692
1.240000,-1.151175,1.151175,-0.000000,0.309475,-3.234781
1.250000,-1.182879,1.182879,-0.000000,0.220718,-3.184597
1.260000,-1.204078,1.204078,-0.000000,0.130883,-3.133445
1.270000,-1.214163,1.214163,-0.000000,0.040410,-3.081634
1.280000,-1.212831,1.212831,-0.000000,-0.050250,-3.029476
1.290000,-1.200106,1.200106,-0.000000,-0.140644,-2.977288
1.300000,-1.176329,1.176329,-0.000000,-0.230323,-2.925385
1.310000,-1.142149,1.142149,-0.000000,-0.318848,-2.874085
1.320000,-1.098480,1.098480,-0.000000,-0.405795,-2.823701
1.330000,-1.046462,1.046462,-0.000000,-0.490764,-2.774546
1.340000,-0.987399,0.987399,-0.000000,-0.573376,-2.726924
1.350000,-0.922704,0.922704,-0.000000,-0.653283,-2.681135
1.360000,-0.853840,0.853840,-0.000000,-0.730168,-2.637470
1.370000,-0.782268,0.782268,-0.000000,-0.803745,-2.596206
1.380000,-0.709399,0.709399,-0.000000,-0.873760,-2.557612
1.390000,-0.636556,0.636556,-0.000000,-0.939991,-2.521939
1.400000,-0.564950,0.564950,-0.000000,-1.002246,-2.489423
1.410000,-0.495663,0.495663,-0.000000,-1.060361,-2.460286
1.420000,-0.429637,0.429637,-0.000000,-1.114199,-2.434730
1.430000,-0.367676,0.367676,-0.000000,-1.163645,-2.412939
1.440000,-0.310450,0.310450,-0.000000,-1.208606,-2.395079
1.450000,-0.258506,0.258506,-0.000000,-1.249008,-2.381299
1.460000,-0.212282,0.212282,-0.000000,-1.284791,-2.371727
1.470000,-0.172118,0.172118,-0.000000,-1.315909,-2.366478
1.480000,-0.138274,0.138274,-0.000000,-1.342325,-2.365645
1.490000,-0.110942,0.110942,-0.000000,-1.364015,-2.369309
1.500000,-0.090262,0.090262,-0.000000,-1.380957,-2.377533
1.510000,-0.076330,0.076330,-0.000000,-1.393138,-2.390368
1.520000,-0.069207,0.069207,-0.000000,-1.400548,-2.407849
1.530000,-0.068929,0.068929,-0.000000,-1.403181,-2.430001
1.540000,-0.075508,0.075508,-0.000000,-1.401032,-2.456833
1.550000,-0.088934,0.088934,-0.000000,-1.394102,-2.488346
1.560000,-0.109175,0.109175,-0.000000,-1.382391,-2.524532
1.570000,-0.136171,0.136171,-0.000000,-1.365905,-2.565368
1.580000,-0.169828,0.169828,-0.000000,-1.344653,-2.610829
1.590000,-0.210012,0.210012,-0.000000,-1.318650,-2.660876
1.600000,-0.256532,0.256532,-0.000000,-1.287919,-2.715468
1.610000,-0.309130,0.309130,-0.000000,-1.252491,-2.774555
1.620000,-0.367466,0.367466,-0.000000,-1.212410,-2.838083
1.630000,-0.431103,0.431103,-0.000000,-1.167737,-2.905994
1.640000,-0.499490,0.499490,-0.000000,-1.118548,-2.978227
1.650000,-0.571951,0.571951,-0.000000,-1.064942,-3.054721
1.660000,-0.647677,0.647677,-0.000000,-1.007045,-3.135413
1.670000,-0.725717,0.725717,-0.000000,-0.945008,-3.220239
1.680000,-0.804987,0.804987,-0.000000,-0.879013,-3.309137
1.690000,-0.884277,0.884277,-0.000000,-0.809274,-3.402046
1.700000,-0.962275,0.962275,-0.000000,-0.736035,-3.498903
1.710000,-1.037599,1.037599,-0.000000,-0.659574,-3.599643
1.720000,-1.108832,1.108832,-0.000000,-0.580194,-3.704198
1.730000,-1.174575,1.174575,-0.000000,-0.498225,-3.812491
1.740000,-1.233498,1.233498,-0.000000,-0.414017,-3.924434
1.750000,-1.284385,1.284385,-0.000000,-0.327932,-4.039923
1.760000,-1.326191,1.326191,-0.000000,-0.240342,-4.158831
1.770000,-1.358072,1.358072,-0.000000,-0.151622,-4.281004
1.780000,-1.379424,1.379424,-0.000000,-0.062143,-4.406254
1.790000,-1.389897,1.389897,-0.000000,0.027727,-4.534354
1.800000,-1.389403,1.389403,-0.000000,0.117629,-4.665033
1.810000,-1.378115,1.378115,-0.000000,0.207210,-4.797966
1.820000,-1.356453,1.356453,-0.000000,0.296124,-4.932777
1.830000,-1.325066,1.325066,-0.000000,0.384025,-5.069031
1.840000,-1.284810,1.284810,-0.000000,0.470569,-5.206236
1.850000,-1.236719,1.236719,-0.000000,0.555409,-5.343848
1.860000,-1.181976,1.181976,-0.000000,0.638196,-5.481273
1.870000,-1.121873,1.121873,-0.000000,0.718576,-5.617884
1.880000,-1.057774,1.057774,-0.000000,0.796197,-5.753037
1.890000,-0.991077,0.991077,-0.000000,0.870714,-5.886088
1.900000,-0.923162,0.923162,-0.000000,0.941793,-6.016414
1.910000,-0.855359,0.855359,-0.000000,1.009123,-6.143440
1.920000,-0.788903,0.788903,-0.000000,1.072418,-6.266647
1.930000,-0.724914,0.724914,-0.000000,1.131424,-6.385592
1.940000,-0.664370,0.664370,-0.000000,1.185923,-6.499910
1.950000,-0.608104,0.608104,-0.000000,1.235731,-6.609314
1.960000,-0.556802,0.556802,-0.000000,1.280698,-6.713591
1.970000,-0.511014,0.511014,-0.000000,1.320701,-6.812591
1.980000,-0.471167,0.471167,-0.000000,1.355647,-6.906216
1.990000,-0.437582,0.437582,-0.000000,1.385461,-6.994410
2.000000,-0.410494,0.410494,-0.000000,1.410086,-7.077145
2.010000,-0.390067,0.390067,-0.000000,1.429481,-7.154411
2.020000,-0.376414,0.376414,-0.000000,1.443611,-7.226212
2.030000,-0.369604,0.369604,-0.000000,1.452451,-7.292549
2.040000,-0.369681,0.369681,-0.000000,1.455983,-7.353426
2.050000,-0.376662,0.376662,-0.000000,1.454193,-7.408837
2.060000,-0.390544,0.390544,-0.000000,1.447073,-7.458770
2.070000,-0.411306,0.411306,-0.000000,1.434619,-7.503203
2.080000,-0.438897,0.438897,-0.000000,1.416833,-7.542101
2.090000,-0.473237,0.473237,-0.000000,1.393723,-7.575422
2.100000,-0.514199,0.514199,-0.000000,1.365308,-7.603116
2.110000,-0.561597,0.561597,-0.000000,1.331614,-7.625125
2.120000,-0.615167,0.615167,-0.000000,1.292681,-7.641389
2.130000,-0.674551,0.674551,-0.000000,1.248563,-7.651847
2.140000,-0.739271,0.739271,-0.000000,1.199331,-7.656440
2.150000,-0.808716,0.808716,-0.000000,1.145076,-7.655117
2.160000,-0.882117,0.882117,-0.000000,1.085914,-7.647840
2.170000,-0.958540,0.958540,-0.000000,1.021983,-7.634587
2.180000,-1.036872,1.036872,-0.000000,0.953452,-7.615359
2.190000,-1.115827,1.115827,-0.000000,0.880517,-7.590184
2.200000,-1.193953,1.193953,-0.000000,0.803411,-7.559127
2.210000,-1.269662,1.269662,-0.000000,0.722396,-7.522291
2.220000,-1.341260,1.341260,-0.000000,0.637770,-7.479828
2.230000,-1.407004,1.407004,-0.000000,0.549866,-7.431943
2.240000,-1.465157,1.465157,-0.000000,0.459049,-7.378896
2.250000,-1.514064,1.514064,-0.000000,0.365716,-7.321012
2.260000,-1.552227,1.552227,-0.000000,0.270291,-7.258681
2.270000,-1.578373,1.578373,-0.000000,0.173225,-7.192357
2.280000,-1.591531,1.591531,-0.000000,0.074991,-7.122560
2.290000,-1.591082,1.591082,-0.000000,-0.023923,-7.049868
2.300000,-1.576797,1.576797,-0.000000,-0.123020,-6.974912
2.310000,-1.548859,1.548859,-0.000000,-0.221795,-6.898365
2.320000,-1.507853,1.507853,-0.000000,-0.319749,-6.820928
2.330000,-1.454734,1.454734,-0.000000,-0.416393,-6.743317
2.340000,-1.390780,1.390780,-0.000000,-0.511252,-6.666241
2.350000,-1.317524,1.317524,-0.000000,-0.603878,-6.590391
2.360000,-1.236676,1.236676,-0.000000,-0.693850,-6.516421
2.370000,-1.150040,1.150040,-0.000000,-0.780784,-6.444932
2.380000,-1.059437,1.059437,-0.000000,-0.864333,-6.376469
2.390000,-0.966637,0.966637,-0.000000,-0.944190,-6.311503
2.400000,-0.873300,0.873300,-0.000000,-1.020091,-6.250440
2.410000,-0.780934,0.780934,-0.000000,-1.091810,-6.193610
2.420000,-0.690870,0.690870,-0.000000,-1.159160,-6.141278
2.430000,-0.604246,0.604246,-0.000000,-1.221989,-6.093648
2.440000,-0.522007,0.522007,-0.000000,-1.280177,-6.050865
2.450000,-0.444917,0.444917,-0.000000,-1.333632,-6.013031
2.460000,-0.373573,0.373573,-0.000000,-1.382284,-5.980207
2.470000,-0.308423,0.308423,-0.000000,-1.426084,-5.952423
2.480000,-0.249793,0.249793,-0.000000,-1.465000,-5.929688
2.490000,-0.197907,0.197907,-0.000000,-1.499011,-5.911993
2.500000,-0.152909,0.152909,-0.000000,-1.528105,-5.899317
2.510000,-0.114883,0.114883,-0.000000,-1.552278,-5.891637
2.520000,-0.083875,0.083875,-0.000000,-1.571528,-5.888926
2.530000,-0.059901,0.059901,-0.000000,-1.585859,-5.891160
2.540000,-0.042963,0.042963,-0.000000,-1.595274,-5.898320
2.550000,-0.033060,0.033060,-0.000000,-1.599774,-5.910393
2.560000,-0.030187,0.030187,-0.000000,-1.599361,-5.927370
2.570000,-0.034346,0.034346,-0.000000,-1.594037,-5.949254
2.580000,-0.045540,0.045540,-0.000000,-1.583800,-5.976049
2.590000,-0.063770,0.063770,-0.000000,-1.568650,-6.007766
2.600000,-0.089033,0.089033,-0.000000,-1.548586,-6.044419
2.610000,-0.121307,0.121307,-0.000000,-1.523607,-6.086016
2.620000,-0.160544,0.160544,-0.000000,-1.493721,-6.132563
2.630000,-0.206648,0.206648,-0.000000,-1.458936,-6.184053
2.640000,-0.259464,0.259464,-0.000000,-1.419272,-6.240461
2.650000,-0.318752,0.318752,-0.000000,-1.374761,-6.301738
2.660000,-0.384170,0.384170,-0.000000,-1.325447,-6.367802
2.670000,-0.455249,0.455249,-0.000000,-1.271396,-6.438534
2.680000,-0.531375,0.531375,-0.000000,-1.212695,-6.513766
2.690000,-0.611769,0.611769,-0.000000,-1.149455,-6.593275
2.700000,-0.695478,0.695478,-0.000000,-1.081817,-6.676783
2.710000,-0.781370,0.781370,-0.000000,-1.009950,-6.763948
2.720000,-0.868141,0.868141,-0.000000,-0.934059,-6.854370
2.730000,-0.954326,0.954326,-0.000000,-0.854375,-6.947586
2.740000,-1.038336,1.038336,-0.000000,-0.771166,-7.043086
2.750000,-1.118492,1.118492,-0.000000,-0.684726,-7.140312
2.760000,-1.193081,1.193081,-0.000000,-0.595379,-7.238678
2.770000,-1.260410,1.260410,-0.000000,-0.503475,-7.337575
2.780000,-1.318880,1.318880,-0.000000,-0.409386,-7.436388
2.790000,-1.367043,1.367043,-0.000000,-0.313505,-7.534511
2.800000,-1.403678,1.403678,-0.000000,-0.216244,-7.631350
2.810000,-1.427840,1.427840,-0.000000,-0.118028,-7.726344
2.820000,-1.438914,1.438914,-0.000000,-0.019296,-7.818966
2.830000,-1.436648,1.436648,-0.000000,0.079505,-7.908728
2.840000,-1.421164,1.421164,-0.000000,0.177925,-7.995193
2.850000,-1.392961,1.392961,-0.000000,0.275512,-8.077969
2.860000,-1.352884,1.352884,-0.000000,0.371823,-8.156714
2.870000,-1.302088,1.302088,-0.000000,0.466422,-8.231132
2.880000,-1.241979,1.241979,-0.000000,0.558893,-8.300975
2.890000,-1.174145,1.174145,-0.000000,0.648840,-8.366036
2.900000,-1.100286,1.100286,-0.000000,0.735893,-8.426151
2.910000,-1.022140,1.022140,-0.000000,0.819713,-8.481187
2.920000,-0.941420,0.941420,-0.000000,0.899993,-8.531044
2.930000,-0.859756,0.859756,-0.000000,0.976459,-8.575651
2.940000,-0.778652,0.778652,-0.000000,1.048873,-8.614959
2.950000,-0.699451,0.699451,-0.000000,1.117029,-8.648940
2.960000,-0.623325,0.623325,-0.000000,1.180753,-8.677581
2.970000,-0.551261,0.551261,-0.000000,1.239902,-8.700886
2.980000,-0.484071,0.484071,-0.000000,1.294357,-8.718867
2.990000,-0.422398,0.422398,-0.000000,1.344025,-8.731545
3.000000,-0.366740,0.366740,-0.000000,1.388833,-8.738950
3.010000,-0.317463,0.317463,-0.000000,1.428723,-8.741111
3.020000,-0.274828,0.274828,-0.000000,1.463653,-8.738065
3.030000,-0.239010,0.239010,-0.000000,1.493592,-8.729845
3.040000,-0.210118,0.210118,-0.000000,1.518517,-8.716485
3.050000,-0.188215,0.188215,-0.000000,1.538410,-8.698016
3.060000,-0.173332,0.173332,-0.000000,1.553260,-8.674462
3.070000,-0.165482,0.165482,-0.000000,1.563056,-8.645845
3.080000,-0.164667,0.164667,-0.000000,1.567792,-8.612177
3.090000,-0.170888,0.170888,-0.000000,1.567460,-8.573460
3.100000,-0.184144,0.184144,-0.000000,1.562056,-8.529689
3.110000,-0.204436,0.204436,-0.000000,1.551574,-8.480845
3.120000,-0.231757,0.231757,-0.000000,1.536011,-8.426897
3.130000,-0.266094,0.266094,-0.000000,1.515366,-8.367802
3.140000,-0.307409,0.307409,-0.000000,1.489639,-8.303501
3.150000,-0.355630,0.355630,-0.000000,1.458833,-8.233921
3.160000,-0.410635,0.410635,-0.000000,1.422959,-8.158979
3.170000,-0.472230,0.472230,-0.000000,1.382031,-8.078574
3.180000,-0.540130,0.540130,-0.000000,1.336072,-7.992599
3.190000,-0.613936,0.613936,-0.000000,1.285115,-7.900941
3.200000,-0.693106,0.693106,-0.000000,1.229203,-7.803483
3.210000,-0.776935,0.776935,-0.000000,1.168396,-7.700118
3.220000,-0.864532,0.864532,-0.000000,1.102771,-7.590758
3.230000,-0.954796,0.954796,-0.000000,1.032428,-7.475343
3.240000,-1.046408,1.046408,-0.000000,0.957496,-7.353866
3.250000,-1.137824,1.137824,-0.000000,0.878141,-7.226389
3.260000,-1.227290,1.227290,-0.000000,0.794573,-7.093070
3.270000,-1.312867,1.312867,-0.000000,0.707056,-6.954188
3.280000,-1.392487,1.392487,-0.000000,0.615916,-6.810163
3.290000,-1.464035,1.464035,-0.000000,0.521550,-6.661583
3.300000,-1.525453,1.525453,-0.000000,0.424426,-6.509201
3.310000,-1.574860,1.574860,-0.000000,0.325081,-6.353929
3.320000,-1.610688,1.610688,-0.000000,0.224106,-6.196809
3.330000,-1.631790,1.631790,-0.000000,0.122127,-6.038965
3.340000,-1.637521,1.637521,-0.000000,0.019783,-5.881538
3.350000,-1.627776,1.627776,-0.000000,-0.082302,-5.725634
3.360000,-1.602973,1.602973,-0.000000,-0.183538,-5.572261
3.370000,-1.563999,1.563999,-0.000000,-0.283383,-5.422295
3.380000,-1.512126,1.512126,-0.000000,-0.381354,-5.276462
3.390000,-1.448913,1.448913,-0.000000,-0.477024,-5.135330
3.400000,-1.376110,1.376110,-0.000000,-0.570016,-4.999322
3.410000,-1.295570,1.295570,-0.000000,-0.660004,-4.868733
3.420000,-1.209168,1.209168,-0.000000,-0.746698,-4.743750
3.430000,-1.118743,1.118743,-0.000000,-0.829842,-4.624477
3.440000,-1.026043,1.026043,-0.000000,-0.909210,-4.510951
3.450000,-0.932689,0.932689,-0.000000,-0.984601,-4.403160
3.460000,-0.840147,0.840147,-0.000000,-1.055838,-4.301061
3.470000,-0.749713,0.749713,-0.000000,-1.122764,-4.204587
3.480000,-0.662504,0.662504,-0.000000,-1.185245,-4.113660
3.490000,-0.579463,0.579463,-0.000000,-1.243166,-4.028195
3.500000,-0.501359,0.501359,-0.000000,-1.296432,-3.948110
3.510000,-0.428807,0.428807,-0.000000,-1.344963,-3.873323
3.520000,-0.362282,0.362282,-0.000000,-1.388700,-3.803761
3.530000,-0.302138,0.302138,-0.000000,-1.427595,-3.739358
3.540000,-0.248627,0.248627,-0.000000,-1.461613,-3.680057
3.550000,-0.201921,0.201921,-0.000000,-1.490732,-3.625809
3.560000,-0.162130,0.162130,-0.000000,-1.514934,-3.576576
3.570000,-0.129320,0.129320,-0.000000,-1.534212,-3.532325
3.580000,-0.103523,0.103523,-0.000000,-1.548561,-3.493032
3.590000,-0.084755,0.084755,-0.000000,-1.557980,-3.458682
3.600000,-0.073022,0.073022,-0.000000,-1.562470,-3.429263
3.610000,-0.068324,0.068324,-0.000000,-1.562032,-3.404769
3.620000,-0.070661,0.070661,-0.000000,-1.556670,-3.385198
3.630000,-0.080032,0.080032,-0.000000,-1.546385,-3.370551
3.640000,-0.096431,0.096431,-0.000000,-1.531181,-3.360833
3.650000,-0.119839,0.119839,-0.000000,-1.511063,-3.356047
3.660000,-0.150219,0.150219,-0.000000,-1.486039,-3.356199
3.670000,-0.187499,0.187499,-0.000000,-1.456119,-3.361293
3.680000,-0.231560,0.231560,-0.000000,-1.421322,-3.371334
3.690000,-0.282217,0.282217,-0.000000,-1.381674,-3.386322
3.700000,-0.339200,0.339200,-0.000000,-1.337210,-3.406256
3.710000,-0.402132,0.402132,-0.000000,-1.287983,-3.431128
3.720000,-0.470513,0.470513,-0.000000,-1.234061,-3.460929
3.730000,-0.543692,0.543692,-0.000000,-1.175533,-3.495640
3.740000,-0.620863,0.620863,-0.000000,-1.112511,-3.535239
3.750000,-0.701042,0.701042,-0.000000,-1.045137,-3.579692
3.760000,-0.783072,0.783072,-0.000000,-0.973582,-3.628956
3.770000,-0.865627,0.865627,-0.000000,-0.898049,-3.682977
3.780000,-0.947229,0.947229,-0.000000,-0.818777,-3.741687
3.790000,-1.026281,1.026281,-0.000000,-0.736039,-3.805003
3.800000,-1.101109,1.101109,-0.000000,-0.650144,-3.872821
3.810000,-1.170020,1.170020,-0.000000,-0.561434,-3.945016
3.820000,-1.231364,1.231364,-0.000000,-0.470281,-4.021440
3.830000,-1.283607,1.283607,-0.000000,-0.377085,-4.101914
3.840000,-1.325401,1.325401,-0.000000,-0.282265,-4.186228
3.850000,-1.355645,1.355645,-0.000000,-0.186255,-4.274137
3.860000,-1.373544,1.373544,-0.000000,-0.089501,-4.365358
3.870000,-1.378642,1.378642,-0.000000,0.007554,-4.459572
3.880000,-1.370842,1.370842,-0.000000,0.104465,-4.556417
3.890000,-1.350409,1.350409,-0.000000,0.200799,-4.655493
3.900000,-1.317947,1.317947,-0.000000,0.296135,-4.756362
3.910000,-1.274369,1.274369,-0.000000,0.390069,-4.858553
3.920000,-1.220841,1.220841,-0.000000,0.482214,-4.961566
3.930000,-1.158736,1.158736,-0.000000,0.572203,-5.064878
3.940000,-1.089565,1.089565,-0.000000,0.659692,-5.167950
3.950000,-1.014922,1.014922,-0.000000,0.744358,-5.270240
3.960000,-0.936425,0.936425,-0.000000,0.825897,-5.371209
3.970000,-0.855661,0.855661,-0.000000,0.904034,-5.470334
3.980000,-0.774141,0.774141,-0.000000,0.978514,-5.567116
3.990000,-0.693271,0.693271,-0.000000,1.049110,-5.661093
4.000000,-0.614313,0.614313,-0.000000,1.115618,-5.751842
4.010000,-0.538382,0.538382,-0.000000,1.177863,-5.838992
4.020000,-0.466427,0.466427,-0.000000,1.235693,-5.922222
4.030000,-0.399239,0.399239,-0.000000,1.288984,-6.001263
4.040000,-0.337457,0.337457,-0.000000,1.337633,-6.075896
4.050000,-0.281580,0.281580,-0.000000,1.381560,-6.145952
4.060000,-0.231987,0.231987,-0.000000,1.420702,-6.211303
4.070000,-0.188952,0.188952,-0.000000,1.455012,-6.271856
4.080000,-0.152667,0.152667,-0.000000,1.484458,-6.327550
4.090000,-0.123257,0.123257,-0.000000,1.509017,-6.378346
4.100000,-0.100799,0.100799,-0.000000,1.528672,-6.424221
4.110000,-0.085338,0.085338,-0.000000,1.543415,-6.465166
4.120000,-0.076896,0.076896,-0.000000,1.553238,-6.501178
4.130000,-0.075482,0.075482,-0.000000,1.558137,-6.532254
4.140000,-0.081099,0.081099,-0.000000,1.558110,-6.558395
4.150000,-0.093748,0.093748,-0.000000,1.553153,-6.579596
4.160000,-0.113426,0.113426,-0.000000,1.543264,-6.595850
4.170000,-0.140122,0.140122,-0.000000,1.528440,-6.607146
4.180000,-0.173814,0.173814,-0.000000,1.508682,-6.613466
4.190000,-0.214459,0.214459,-0.000000,1.483991,-6.614793
4.200000,-0.261978,0.261978,-0.000000,1.454373,-6.611108
4.210000,-0.316245,0.316245,-0.000000,1.419839,-6.602395
4.220000,-0.377066,0.377066,-0.000000,1.380409,-6.588643
4.230000,-0.444160,0.444160,-0.000000,1.336112,-6.569854
4.240000,-0.517141,0.517141,-0.000000,1.286994,-6.546045
4.250000,-0.595491,0.595491,-0.000000,1.233115,-6.517255
4.260000,-0.678546,0.678546,-0.000000,1.174558,-6.483554
4.270000,-0.765472,0.765472,-0.000000,1.111429,-6.445050
4.280000,-0.855260,0.855260,-0.000000,1.043862,-6.401893
4.290000,-0.946715,0.946715,-0.000000,0.972024,-6.354285
4.300000,-1.038465,1.038465,-0.000000,0.896117,-6.302488
4.310000,-1.128976,1.128976,-0.000000,0.816379,-6.246826
4.320000,-1.216587,1.216587,-0.000000,0.733089,-6.187690
4.330000,-1.299551,1.299551,-0.000000,0.646565,-6.125538
4.340000,-1.376099,1.376099,-0.000000,0.557165,-6.060891
4.350000,-1.444506,1.444506,-0.000000,0.465283,-5.994331
4.360000,-1.503171,1.503171,-0.000000,0.371348,-5.926488
4.370000,-1.550694,1.550694,-0.000000,0.275816,-5.858028
4.380000,-1.585946,1.585946,-0.000000,0.179167,-5.789643
4.390000,-1.608131,1.608131,-0.000000,0.081896,-5.722026
4.400000,-1.616832,1.616832,-0.000000,-0.015494,-5.655867
4.410000,-1.612022,1.612022,-0.000000,-0.112499,-5.591826
4.420000,-1.594075,1.594075,-0.000000,-0.208620,-5.530529
4.430000,-1.563729,1.563729,-0.000000,-0.303372,-5.472552
4.440000,-1.522049,1.522049,-0.000000,-0.396290,-5.418414
4.450000,-1.470364,1.470364,-0.000000,-0.486931,-5.368573
4.460000,-1.410199,1.410199,-0.000000,-0.574880,-5.323421
4.470000,-1.343201,1.343201,-0.000000,-0.659752,-5.283289
4.480000,-1.271065,1.271065,-0.000000,-0.741198,-5.248445
4.490000,-1.195474,1.195474,-0.000000,-0.818901,-5.219099
4.500000,-1.118040,1.118040,-0.000000,-0.892579,-5.195408
4.510000,-1.040263,1.040263,-0.000000,-0.961985,-5.177483
4.520000,-0.963496,0.963496,-0.000000,-1.026906,-5.165394
4.530000,-0.888934,0.888934,-0.000000,-1.087158,-5.159176
4.540000,-0.817603,0.817603,-0.000000,-1.142590,-5.158836
4.550000,-0.750360,0.750360,-0.000000,-1.193076,-5.164358
4.560000,-0.687909,0.687909,-0.000000,-1.238514,-5.175711
4.570000,-0.630809,0.630809,-0.000000,-1.278826,-5.192851
4.580000,-0.579497,0.579497,-0.000000,-1.313951,-5.215726
4.590000,-0.534304,0.534304,-0.000000,-1.343846,-5.244284
4.600000,-0.495472,0.495472,-0.000000,-1.368482,-5.278470
4.610000,-0.463175,0.463175,-0.000000,-1.387841,-5.318233
4.620000,-0.437532,0.437532,-0.000000,-1.401915,-5.363528
4.630000,-0.418616,0.418616,-0.000000,-1.410707,-5.414313
4.640000,-0.406469,0.406469,-0.000000,-1.414224,-5.470556
4.650000,-0.401103,0.401103,-0.000000,-1.412483,-5.532226
4.660000,-0.402502,0.402502,-0.000000,-1.405505,-5.599300
4.670000,-0.410623,0.410623,-0.000000,-1.393322,-5.671751
4.680000,-0.425388,0.425388,-0.000000,-1.375971,-5.749550
4.690000,-0.446679,0.446679,-0.000000,-1.353501,-5.832660
4.700000,-0.474324,0.474324,-0.000000,-1.325972,-5.921023
4.710000,-0.508088,0.508088,-0.000000,-1.293460,-6.014558
4.720000,-0.547655,0.547655,-0.000000,-1.256059,-6.113152
4.730000,-0.592617,0.592617,-0.000000,-1.213884,-6.216647
4.740000,-0.642462,0.642462,-0.000000,-1.167071,-6.324834
4.750000,-0.696560,0.696560,-0.000000,-1.115786,-6.437449
4.760000,-0.754162,0.754162,-0.000000,-1.060217,-6.554168
4.770000,-0.814401,0.814401,-0.000000,-1.000580,-6.674607
4.780000,-0.876295,0.876295,-0.000000,-0.937113,-6.798327
4.790000,-0.938768,0.938768,-0.000000,-0.870076,-6.924845
4.800000,-1.000661,1.000661,-0.000000,-0.799741,-7.053645
4.810000,-1.060765,1.060765,-0.000000,-0.726392,-7.184192
4.820000,-1.117843,1.117843,-0.000000,-0.650320,-7.315946
4.830000,-1.170662,1.170662,-0.000000,-0.571819,-7.448380
4.840000,-1.218023,1.218023,-0.000000,-0.491183,-7.580987
4.850000,-1.258793,1.258793,-0.000000,-0.408712,-7.713295
4.860000,-1.291935,1.291935,-0.000000,-0.324704,-7.844866
4.870000,-1.316544,1.316544,-0.000000,-0.239470,-7.975305
4.880000,-1.331874,1.331874,-0.000000,-0.153327,-8.104260
4.890000,-1.337371,1.337371,-0.000000,-0.066604,-8.231418
4.900000,-1.332701,1.332701,-0.000000,0.020353,-8.356510
4.910000,-1.317771,1.317771,-0.000000,0.107187,-8.479300
4.920000,-1.292742,1.292742,-0.000000,0.193524,-8.599586
4.930000,-1.258031,1.258031,-0.000000,0.278984,-8.717196
4.940000,-1.214300,1.214300,-0.000000,0.363179,-8.831980
4.950000,-1.162435,1.162435,-0.000000,0.445724,-8.943811
4.960000,-1.103508,1.103508,-0.000000,0.526242,-9.052573
4.970000,-1.038732,1.038732,-0.000000,0.604368,-9.158164
4.980000,-0.969416,0.969416,-0.000000,0.679761,-9.260487
4.990000,-0.896909,0.896909,-0.000000,0.752106,-9.359451
5.000000,-0.822551,0.822551,-0.000000,0.821117,-9.454963
5.010000,-0.747636,0.747636,-0.000000,0.886539,-9.546932
5.020000,-0.673372,0.673372,-0.000000,0.948154,-9.635268
5.030000,-0.600860,0.600860,-0.000000,1.005773,-9.719877
5.040000,-0.531077,0.531077,-0.000000,1.059240,-9.800666
5.050000,-0.464870,0.464870,-0.000000,1.108425,-9.877544
5.060000,-0.402958,0.402958,-0.000000,1.153226,-9.950421
5.070000,-0.345938,0.345938,-0.000000,1.193561,-10.019210
5.080000,-0.294296,0.294296,-0.000000,1.229366,-10.083829
5.090000,-0.248417,0.248417,-0.000000,1.260594,-10.144202
5.100000,-0.208602,0.208602,-0.000000,1.287209,-10.200263
5.110000,-0.175079,0.175079,-0.000000,1.309186,-10.251950
5.120000,-0.148017,0.148017,-0.000000,1.326507,-10.299215
5.130000,-0.127537,0.127537,-0.000000,1.339160,-10.342018
5.140000,-0.113719,0.113719,-0.000000,1.347139,-10.380332
5.150000,-0.106610,0.106610,-0.000000,1.350442,-10.414141
5.160000,-0.106229,0.106229,-0.000000,1.349071,-10.443444
5.170000,-0.112568,0.112568,-0.000000,1.343029,-10.468252
5.180000,-0.125590,0.125590,-0.000000,1.332328,-10.488593
5.190000,-0.145229,0.145229,-0.000000,1.316979,-10.504510
5.200000,-0.171382,0.171382,-0.000000,1.297004,-10.516061
5.210000,-0.203902,0.203902,-0.000000,1.272426,-10.523323
5.220000,-0.242592,0.242592,-0.000000,1.243281,-10.526394
5.230000,-0.287188,0.287188,-0.000000,1.209610,-10.525386
5.240000,-0.337355,0.337355,-0.000000,1.171468,-10.520438
5.250000,-0.392668,0.392668,-0.000000,1.128924,-10.511705
5.260000,-0.452603,0.452603,-0.000000,1.082060,-10.499368
5.270000,-0.516530,0.516530,-0.000000,1.030976,-10.483628
5.280000,-0.583701,0.583701,-0.000000,0.975793,-10.464712
5.290000,-0.653251,0.653251,-0.000000,0.916655,-10.442866
5.300000,-0.724195,0.724195,-0.000000,0.853726,-10.418363
5.310000,-0.795443,0.795443,-0.000000,0.787199,-10.391493
5.320000,-0.865808,0.865808,-0.000000,0.717294,-10.362570
5.330000,-0.934038,0.934038,-0.000000,0.644257,-10.331924
5.340000,-0.998842,0.998842,-0.000000,0.568365,-10.299903
5.350000,-1.058931,1.058931,-0.000000,0.489921,-10.266869
5.360000,-1.113066,1.113066,-0.000000,0.409257,-10.233192
5.370000,-1.160099,1.160099,-0.000000,0.326729,-10.199252
5.380000,-1.199032,1.199032,-0.000000,0.242716,-10.165434
5.390000,-1.229055,1.229055,-0.000000,0.157616,-10.132123
5.400000,-1.249588,1.249588,-0.000000,0.071841,-10.099700
5.410000,-1.260310,1.260310,-0.000000,-0.014186,-10.068543
5.420000,-1.261180,1.261180,-0.000000,-0.100037,-10.039021
5.430000,-1.252431,1.252431,-0.000000,-0.185285,-10.011489
5.440000,-1.234569,1.234569,-0.000000,-0.269509,-9.986290
5.450000,-1.208340,1.208340,-0.000000,-0.352296,-9.963751
5.460000,-1.174697,1.174697,-0.000000,-0.433252,-9.944181
5.470000,-1.134755,1.134755,-0.000000,-0.511999,-9.927868
5.480000,-1.089745,1.089745,-0.000000,-0.588184,-9.915082
5.490000,-1.040960,1.040960,-0.000000,-0.661475,-9.906068
5.500000,-0.989709,0.989709,-0.000000,-0.731570,-9.901052
5.510000,-0.937277,0.937277,-0.000000,-0.798189,-9.900239
5.520000,-0.884885,0.884885,-0.000000,-0.861084,-9.903810
5.530000,-0.833667,0.833667,-0.000000,-0.920028,-9.911927
5.540000,-0.784647,0.784647,-0.000000,-0.974821,-9.924731
5.550000,-0.738732,0.738732,-0.000000,-1.025285,-9.942346
5.560000,-0.696704,0.696704,-0.000000,-1.071264,-9.964876
5.570000,-0.659225,0.659225,-0.000000,-1.112619,-9.992413
5.580000,-0.626842,0.626842,-0.000000,-1.149228,-10.025032
5.590000,-0.599996,0.599996,-0.000000,-1.180986,-10.062800
5.600000,-0.579034,0.579034,-0.000000,-1.207799,-10.105770
5.610000,-0.564223,0.564223,-0.000000,-1.229584,-10.153993
5.620000,-0.555758,0.555758,-0.000000,-1.246269,-10.207511
5.630000,-0.553773,0.553773,-0.000000,-1.257793,-10.266367
5.640000,-0.558350,0.558350,-0.000000,-1.264101,-10.330602
5.650000,-0.569526,0.569526,-0.000000,-1.265148,-10.400262
5.660000,-0.587292,0.587292,-0.000000,-1.260898,-10.475394
5.670000,-0.611595,0.611595,-0.000000,-1.251323,-10.556055
5.680000,-0.642332,0.642332,-0.000000,-1.236406,-10.642307
5.690000,-0.679345,0.679345,-0.000000,-1.216138,-10.734220
5.700000,-0.722407,0.722407,-0.000000,-1.190523,-10.831874
5.710000,-0.771209,0.771209,-0.000000,-1.159576,-10.935352
5.720000,-0.825347,0.825347,-0.000000,-1.123329,-11.044739
5.730000,-0.884296,0.884296,-0.000000,-1.081828,-11.160113
5.740000,-0.947399,0.947399,-0.000000,-1.035142,-11.281538
5.750000,-1.013839,1.013839,-0.000000,-0.983364,-11.409049
5.760000,-1.082631,1.082631,-0.000000,-0.926620,-11.542632
5.770000,-1.152608,1.152608,-0.000000,-0.865078,-11.682203
5.780000,-1.222420,1.222420,-0.000000,-0.798952,-11.827583
5.790000,-1.290556,1.290556,-0.000000,-0.728520,-11.978470
5.800000,-1.355376,1.355376,-0.000000,-0.654129,-12.134414
5.810000,-1.415173,1.415173,-0.000000,-0.576200,-12.294803
5.820000,-1.468256,1.468256,0.000000,-0.495228,-12.458860
5.830000,-1.513049,1.513049,0.000000,-0.411776,-12.625662
5.840000,-1.548197,1.548197,0.000000,-0.326453,-12.794178
5.850000,-1.572653,1.572653,0.000000,-0.239888,-12.963326
5.860000,-1.585739,1.585739,0.000000,-0.152709,-13.132037
5.870000,-1.587172,1.587172,0.000000,-0.065512,-13.299314
5.880000,-1.577049,1.577049,0.000000,0.021158,-13.464276
5.890000,-1.555808,1.555808,0.000000,0.106811,-13.626185
5.900000,-1.524165,1.524165,0.000000,0.191021,-13.784457
5.910000,-1.483057,1.483057,0.000000,0.273413,-13.938649
5.920000,-1.433580,1.433580,0.000000,0.353661,-14.088447
5.930000,-1.376933,1.376933,0.000000,0.431476,-14.233643
5.940000,-1.314378,1.314378,0.000000,0.506598,-14.374110
5.950000,-1.247200,1.247200,0.000000,0.578790,-14.509786
5.960000,-1.176676,1.176676,0.000000,0.647833,-14.640655
5.970000,-1.104049,1.104049,0.000000,0.713524,-14.766730
5.980000,-1.030508,1.030508,0.000000,0.775675,-14.888043
5.990000,-0.957165,0.957165,0.000000,0.834114,-15.004640
6.000000,-0.885047,0.885047,0.000000,0.888688,-15.116565
6.010000,-0.815080,0.815080,0.000000,0.939259,-15.223867
6.020000,-0.748088,0.748088,0.000000,0.985711,-15.326589
6.030000,-0.684789,0.684789,0.000000,1.027945,-15.424767
6.040000,-0.625795,0.625795,0.000000,1.065882,-15.518435
6.050000,-0.571623,0.571623,0.000000,1.099461,-15.607619
6.060000,-0.522695,0.522695,0.000000,1.128636,-15.692342
6.070000,-0.479354,0.479354,0.000000,1.153377,-15.772622
6.080000,-0.441868,0.441868,0.000000,1.173666,-15.848476
6.090000,-0.410442,0.410442,0.000000,1.189496,-15.919921
6.100000,-0.385224,0.385224,0.000000,1.200869,-15.986976
6.110000,-0.366315,0.366315,0.000000,1.207795,-16.049661
6.120000,-0.353773,0.353773,0.000000,1.210288,-16.108005
6.130000,-0.347615,0.347615,0.000000,1.208370,-16.162040
6.140000,-0.347821,0.347821,0.000000,1.202066,-16.211809
6.150000,-0.354333,0.354333,0.000000,1.191407,-16.257364
6.160000,-0.367053,0.367053,0.000000,1.176432,-16.298769
6.170000,-0.385839,0.385839,0.000000,1.157181,-16.336100
6.180000,-0.410499,0.410499,0.000000,1.133705,-16.369450
6.190000,-0.440789,0.440789,0.000000,1.106062,-16.398926
6.200000,-0.476399,0.476399,0.000000,1.074321,-16.424653
6.210000,-0.516956,0.516956,0.000000,1.038562,-16.446776
6.220000,-0.562009,0.562009,0.000000,0.998878,-16.465457
6.230000,-0.611028,0.611028,0.000000,0.955376,-16.480879
6.240000,-0.663404,0.663404,0.000000,0.908183,-16.493248
6.250000,-0.718440,0.718440,0.000000,0.857440,-16.502790
6.260000,-0.775364,0.775364,0.000000,0.803313,-16.509753
6.270000,-0.833331,0.833331,0.000000,0.745985,-16.514407
6.280000,-0.891435,0.891435,0.000000,0.685664,-16.517040
6.290000,-0.948728,0.948728,0.000000,0.622580,-16.517964
6.300000,-1.004244,1.004244,0.000000,0.556985,-16.517507
6.310000,-1.057020,1.057020,0.000000,0.489158,-16.516014
6.320000,-1.106133,1.106133,0.000000,0.419395,-16.513846
6.330000,-1.150723,1.150723,0.000000,0.348016,-16.511375
6.340000,-1.190034,1.190034,0.000000,0.275360,-16.508982
6.350000,-1.223440,1.223440,0.000000,0.201782,-16.507054
6.360000,-1.250469,1.250469,0.000000,0.127649,-16.505983
6.370000,-1.270829,1.270829,0.000000,0.053341,-16.506159
6.380000,-1.284416,1.284416,0.000000,-0.020757,-16.507970
6.390000,-1.291322,1.291322,0.000000,-0.094256,-16.511796
6.400000,-1.291826,1.291826,0.000000,-0.166768,-16.518006
6.410000,-1.286388,1.286388,0.000000,-0.237908,-16.526959
6.420000,-1.275619,1.275619,0.000000,-0.307300,-16.538996
6.430000,-1.260261,1.260261,0.000000,-0.374578,-16.554443
6.440000,-1.241154,1.241154,0.000000,-0.439389,-16.573604
6.450000,-1.219201,1.219201,0.000000,-0.501396,-16.596764
6.460000,-1.195337,1.195337,0.000000,-0.560280,-16.624185
6.470000,-1.170498,1.170498,0.000000,-0.615740,-16.656108
6.480000,-1.145591,1.145591,0.000000,-0.667494,-16.692752
6.490000,-1.121474,1.121474,0.000000,-0.715283,-16.734313
6.500000,-1.098936,1.098936,0.000000,-0.758866,-16.780967
6.510000,-1.078682,1.078682,0.000000,-0.798027,-16.832870
6.520000,-1.061327,1.061327,0.000000,-0.832567,-16.890159
6.530000,-1.047392,1.047392,0.000000,-0.862314,-16.952957
6.540000,-1.037298,1.037298,0.000000,-0.887113,-17.021369
6.550000,-1.031370,1.031370,0.000000,-0.906835,-17.095488
6.560000,-1.029840,1.029840,0.000000,-0.921373,-17.175397
6.570000,-1.032843,1.032843,0.000000,-0.930642,-17.261164
6.580000,-1.040426,1.040426,0.000000,-0.934584,-17.352850
6.590000,-1.052540,1.052540,0.000000,-0.933164,-17.450500
6.600000,-1.069045,1.069045,0.000000,-0.926376,-17.554145
6.610000,-1.089703,1.089703,0.000000,-0.914243,-17.663798
6.620000,-1.114177,1.114177,0.000000,-0.896823,-17.779438
6.630000,-1.142021,1.142021,0.000000,-0.874207,-17.901012
6.640000,-1.172682,1.172682,0.000000,-0.846532,-18.028411
6.650000,-1.205497,1.205497,0.000000,-0.813977,-18.161459
6.660000,-1.239698,1.239698,0.000000,-0.776779,-18.299897
6.670000,-1.274424,1.274424,0.000000,-0.735229,-18.443368
6.680000,-1.308747,1.308747,0.000000,-0.689679,-18.591403
6.690000,-1.341704,1.341704,0.000000,-0.640541,-18.743422
6.700000,-1.372339,1.372339,0.000000,-0.588278,-18.898740
6.710000,-1.399756,1.399756,0.000000,-0.533391,-19.056593
6.720000,-1.423166,1.423166,0.000000,-0.476405,-19.216164
6.730000,-1.441923,1.441923,0.000000,-0.417847,-19.376631
6.740000,-1.455557,1.455557,0.000000,-0.358225,-19.537201
6.750000,-1.463776,1.463776,0.000000,-0.298013,-19.697151
6.760000,-1.466464,1.466464,0.000000,-0.237637,-19.855851
6.770000,-1.463664,1.463664,0.000000,-0.177473,-20.012778
6.780000,-1.455549,1.455549,0.000000,-0.117846,-20.167517
6.790000,-1.442403,1.442403,0.000000,-0.059031,-20.319754
6.800000,-1.424589,1.424589,0.000000,-0.001266,-20.469269
6.810000,-1.402534,1.402534,0.000000,0.055245,-20.615913
6.820000,-1.376711,1.376711,0.000000,0.110326,-20.759603
6.830000,-1.347623,1.347623,0.000000,0.163816,-20.900299
6.840000,-1.315798,1.315798,0.000000,0.215573,-21.038000
6.850000,-1.281778,1.281778,0.000000,0.265465,-21.172730
6.860000,-1.246113,1.246113,0.000000,0.313371,-21.304530
6.870000,-1.209355,1.209355,0.000000,0.359179,-21.433453
6.880000,-1.172050,1.172050,0.000000,0.402786,-21.559559
6.890000,-1.134732,1.134732,0.000000,0.444102,-21.682911
6.900000,-1.097918,1.097918,0.000000,0.483046,-21.803576
6.910000,-1.062098,1.062098,0.000000,0.519551,-21.921619
6.920000,-1.027734,1.027734,0.000000,0.553564,-22.037103
6.930000,-0.995251,0.995251,0.000000,0.585042,-22.150091
6.940000,-0.965034,0.965034,0.000000,0.613958,-22.260646
6.950000,-0.937429,0.937429,0.000000,0.640296,-22.368829
6.960000,-0.912736,0.912736,0.000000,0.664050,-22.474700
6.970000,-0.891212,0.891212,0.000000,0.685226,-22.578320
6.980000,-0.873073,0.873073,0.000000,0.703836,-22.679748
6.990000,-0.858492,0.858492,0.000000,0.719903,-22.779049
7.000000,-0.847600,0.847600,0.000000,0.733451,-22.876284
7.010000,-0.840492,0.840492,0.000000,0.744513,-22.971519
7.020000,-0.837225,0.837225,0.000000,0.753123,-23.064820
7.030000,-0.837824,0.837824,0.000000,0.759322,-23.156258
7.040000,-0.842277,0.842277,0.000000,0.763148,-23.245903
7.050000,-0.850542,0.850542,0.000000,0.764646,-23.333827
7.060000,-0.862548,0.862548,0.000000,0.763860,-23.420107
7.070000,-0.878192,0.878192,0.000000,0.760837,-23.504818
7.080000,-0.897344,0.897344,0.000000,0.755624,-23.588038
7.090000,-0.919845,0.919845,0.000000,0.748270,-23.669844
7.100000,-0.945506,0.945506,0.000000,0.738824,-23.750312
7.110000,-0.974115,0.974115,0.000000,0.727336,-23.829519
7.120000,-1.005430,1.005430,0.000000,0.713858,-23.907538
7.130000,-1.039182,1.039182,0.000000,0.698440,-23.984440
7.140000,-1.075077,1.075077,0.000000,0.681135,-24.060290
7.150000,-1.112797,1.112797,0.000000,0.661993,-24.135150
7.160000,-1.151998,1.151998,0.000000,0.641066,-24.209074
7.170000,-1.192315,1.192315,0.000000,0.618404,-24.282110
7.180000,-1.233361,1.233361,0.000000,0.594058,-24.354296
7.190000,-1.274734,1.274734,0.000000,0.568077,-24.425664
7.200000,-1.316014,1.316014,0.000000,0.540509,-24.496235
7.210000,-1.356770,1.356770,0.000000,0.511404,-24.566019
7.220000,-1.396562,1.396562,0.000000,0.480809,-24.635021
7.230000,-1.434948,1.434948,0.000000,0.448771,-24.703233
7.240000,-1.471487,1.471487,0.000000,0.415341,-24.770641
7.250000,-1.505743,1.505743,0.000000,0.380566,-24.837224
7.260000,-1.537294,1.537294,0.000000,0.344500,-24.902954
7.270000,-1.565736,1.565736,0.000000,0.307199,-24.967800
7.280000,-1.590688,1.590688,0.000000,0.268720,-25.031730
7.290000,-1.611800,1.611800,0.000000,0.229130,-25.094711
7.300000,-1.628758,1.628758,0.000000,0.188499,-25.156714
7.310000,-1.641291,1.641291,0.000000,0.146905,-25.217714
7.320000,-1.649176,1.649176,0.000000,0.104435,-25.277694
7.330000,-1.652242,1.652242,0.000000,0.061184,-25.336645
7.340000,-1.650375,1.650375,0.000000,0.017256,-25.394571
7.350000,-1.643523,1.643523,0.000000,-0.027235,-25.451486
7.360000,-1.631697,1.631697,0.000000,-0.072166,-25.507420
7.370000,-1.614971,1.614971,0.000000,-0.117404,-25.562418
7.380000,-1.593485,1.593485,0.000000,-0.162809,-25.616539
7.390000,-1.567441,1.567441,0.000000,-0.208231,-25.669857
7.400000,-1.537105,1.537105,0.000000,-0.253516,-25.722461
7.410000,-1.502798,1.502798,0.000000,-0.298503,-25.774454
7.420000,-1.464892,1.464892,0.000000,-0.343027,-25.825954
7.430000,-1.423809,1.423809,0.000000,-0.386921,-25.877089
7.440000,-1.380005,1.380005,0.000000,-0.430016,-25.927997
7.450000,-1.333973,1.333973,0.000000,-0.472144,-25.978826
7.460000,-1.286225,1.286225,0.000000,-0.513139,-26.029732
7.470000,-1.237288,1.237288,0.000000,-0.552837,-26.080875
7.480000,-1.187698,1.187698,0.000000,-0.591080,-26.132419
7.490000,-1.137987,1.137987,0.000000,-0.627713,-26.184531
7.500000,-1.088681,1.088681,0.000000,-0.662591,-26.237377
7.510000,-1.040290,1.040290,0.000000,-0.695572,-26.291124
7.520000,-0.993300,0.993300,0.000000,-0.726524,-26.345933
7.530000,-0.948177,0.948177,0.000000,-0.755324,-26.401965
7.540000,-0.905351,0.905351,0.000000,-0.781855,-26.459373
7.550000,-0.865226,0.865226,0.000000,-0.806010,-26.518306
7.560000,-0.828165,0.828165,0.000000,-0.827690,-26.578905
7.570000,-0.794501,0.794501,0.000000,-0.846803,-26.641304
7.580000,-0.764527,0.764527,0.000000,-0.863267,-26.705629
7.590000,-0.738499,0.738499,0.000000,-0.877005,-26.771996
7.600000,-0.716639,0.716639,0.000000,-0.887949,-26.840515
7.610000,-0.699132,0.699132,0.000000,-0.896037,-26.911285
7.620000,-0.686124,0.686124,0.000000,-0.901213,-26.984397
7.630000,-0.677729,0.677729,0.000000,-0.903427,-27.059933
7.640000,-0.674024,0.674024,0.000000,-0.902633,-27.137966
7.650000,-0.675047,0.675047,0.000000,-0.898791,-27.218563
7.660000,-0.680804,0.680804,0.000000,-0.891866,-27.301780
7.670000,-0.691257,0.691257,0.000000,-0.881827,-27.387670
7.680000,-0.706330,0.706330,0.000000,-0.868650,-27.476276
7.690000,-0.725905,0.725905,0.000000,-0.852313,-27.567637
7.700000,-0.749815,0.749815,0.000000,-0.832804,-27.661790
7.710000,-0.777849,0.777849,0.000000,-0.810118,-27.758763
7.720000,-0.809740,0.809740,0.000000,-0.784257,-27.858585
7.730000,-0.845170,0.845170,0.000000,-0.755235,-27.961283
7.740000,-0.883764,0.883764,0.000000,-0.723078,-28.066882
7.750000,-0.925090,0.925090,0.000000,-0.687826,-28.175408
7.760000,-0.968660,0.968660,0.000000,-0.649532,-28.286889
7.770000,-1.013934,1.013934,0.000000,-0.608267,-28.401355
7.780000,-1.060321,1.060321,0.000000,-0.564119,-28.518837
7.790000,-1.107191,1.107191,0.000000,-0.517192,-28.639369
7.800000,-1.153878,1.153878,0.000000,-0.467604,-28.762990
7.810000,-1.199696,1.199696,0.000000,-0.415490,-28.889734
7.820000,-1.243946,1.243946,0.000000,-0.360997,-29.019639
7.830000,-1.285930,1.285930,0.000000,-0.304281,-29.152735
7.840000,-1.324963,1.324963,0.000000,-0.245510,-29.289045
7.850000,-1.360381,1.360381,0.000000,-0.184856,-29.428576
7.860000,-1.391556,1.391556,0.000000,-0.122503,-29.571314
7.870000,-1.417901,1.417901,0.000000,-0.058643,-29.717212
7.880000,-1.438887,1.438887,0.000000,0.006521,-29.866180
7.890000,-1.454052,1.454052,0.000000,0.072763,-30.018072
7.900000,-1.463015,1.463015,0.000000,0.139835,-30.172670
7.910000,-1.465502,1.465502,0.000000,0.207456,-30.329670
7.920000,-1.461361,1.461361,0.000000,0.275305,-30.488670
7.930000,-1.450591,1.450591,0.000000,0.343013,-30.649159
7.940000,-1.433365,1.433365,0.000000,0.410165,-30.810517
7.950000,-1.410046,1.410046,0.000000,0.476298,-30.972025
7.960000,-1.381196,1.381196,0.000000,0.540913,-31.132888
7.970000,-1.347561,1.347561,0.000000,0.603488,-31.292265
7.980000,-1.310052,1.310052,0.000000,0.663499,-31.449315
7.990000,-1.269697,1.269697,0.000000,0.720437,-31.603236
8.000000,-1.227586,1.227586,0.000000,0.773830,-31.753303
8.010000,-1.184824,1.184824,0.000000,0.823254,-31.898894
8.020000,-1.142474,1.142474,0.000000,0.868342,-32.039505
8.030000,-1.101522,1.101522,0.000000,0.908788,-32.174747
8.040000,-1.062851,1.062851,0.000000,0.944341,-32.304336
8.050000,-1.027226,1.027226,0.000000,0.974805,-32.428081
8.060000,-0.995291,0.995291,0.000000,1.000029,-32.545862
8.070000,-0.967572,0.967572,0.000000,1.019901,-32.657617
8.080000,-0.944485,0.944485,0.000000,1.034346,-32.763322
8.090000,-0.926342,0.926342,0.000000,1.043317,-32.862981
8.100000,-0.913363,0.913363,0.000000,1.046794,-32.956617
8.110000,-0.905678,0.905678,0.000000,1.044782,-33.044265
8.120000,-0.903336,0.903336,0.000000,1.037308,-33.125967
8.130000,-0.906304,0.906304,0.000000,1.024417,-33.201771
8.140000,-0.914468,0.914468,0.000000,1.006179,-33.271731
8.150000,-0.927627,0.927627,0.000000,0.982681,-33.335906
8.160000,-0.945492,0.945492,0.000000,0.954030,-33.394363
8.170000,-0.967677,0.967677,0.000000,0.920355,-33.447176
8.180000,-0.993697,0.993697,0.000000,0.881802,-33.494434
8.190000,-1.022963,1.022963,0.000000,0.838540,-33.536234
8.200000,-1.054776,1.054776,0.000000,0.790760,-33.572695
8.210000,-1.088336,1.088336,0.000000,0.738672,-33.603949
8.220000,-1.122746,1.122746,0.000000,0.682510,-33.630149
8.230000,-1.157023,1.157023,0.000000,0.622531,-33.651471
8.240000,-1.190120,1.190120,0.000000,0.559014,-33.668111
8.250000,-1.220950,1.220950,0.000000,0.492261,-33.680290
8.260000,-1.248418,1.248418,0.000000,0.422595,-33.688253
8.270000,-1.271457,1.271457,0.000000,0.350360,-33.692267
8.280000,-1.289070,1.289070,0.000000,0.275921,-33.692623
8.290000,-1.300364,1.300364,0.000000,0.199656,-33.689635
8.300000,-1.304596,1.304596,0.000000,0.121959,-33.683637
8.310000,-1.301201,1.301201,0.000000,0.043233,-33.674980
8.320000,-1.289822,1.289822,0.000000,-0.036111,-33.664035
8.330000,-1.270326,1.270326,0.000000,-0.115664,-33.651182
8.340000,-1.242810,1.242810,0.000000,-0.195014,-33.636815
8.350000,-1.207598,1.207598,0.000000,-0.273760,-33.621334
8.360000,-1.165226,1.165226,0.000000,-0.351510,-33.605141
8.370000,-1.116411,1.116411,0.000000,-0.427888,-33.588639
8.380000,-1.062028,1.062028,0.000000,-0.502534,-33.572228
8.390000,-1.003067,1.003067,0.000000,-0.575110,-33.556299
8.400000,-0.940594,0.940594,0.000000,-0.645302,-33.541233
8.410000,-0.875713,0.875713,0.000000,-0.712820,-33.527398
8.420000,-0.809531,0.809531,0.000000,-0.777399,-33.515144
8.430000,-0.743126,0.743126,0.000000,-0.838801,-33.504805
8.440000,-0.677518,0.677518,0.000000,-0.896812,-33.496693
8.450000,-0.613655,0.613655,0.000000,-0.951245,-33.491097
8.460000,-0.552395,0.552395,0.000000,-1.001934,-33.488286
8.470000,-0.494500,0.494500,0.000000,-1.048738,-33.488503
8.480000,-0.440632,0.440632,0.000000,-1.091534,-33.491971
8.490000,-0.391360,0.391360,0.000000,-1.130218,-33.498885
8.500000,-0.347159,0.347159,0.000000,-1.164703,-33.509423
8.510000,-0.308419,0.308419,0.000000,-1.194919,-33.523737
8.520000,-0.275457,0.275457,0.000000,-1.220804,-33.541958
8.530000,-0.248522,0.248522,0.000000,-1.242310,-33.564200
8.540000,-0.227805,0.227805,0.000000,-1.259400,-33.590555
8.550000,-0.213448,0.213448,0.000000,-1.272041,-33.621098
8.560000,-0.205552,0.205552,0.000000,-1.280209,-33.655888
8.570000,-0.204178,0.204178,0.000000,-1.283887,-33.694969
8.580000,-0.209355,0.209355,0.000000,-1.283059,-33.738367
8.590000,-0.221080,0.221080,0.000000,-1.277718,-33.786099
8.600000,-0.239316,0.239316,0.000000,-1.267859,-33.838168
8.610000,-0.263990,0.263990,0.000000,-1.253482,-33.894566
8.620000,-0.294991,0.294991,0.000000,-1.234592,-33.955277
8.630000,-0.332159,0.332159,0.000000,-1.211203,-34.020275
8.640000,-0.375277,0.375277,0.000000,-1.183334,-34.089527
8.650000,-0.424064,0.424064,0.000000,-1.151015,-34.162996
8.660000,-0.478160,0.478160,0.000000,-1.114290,-34.240640
8.670000,-0.537120,0.537120,0.000000,-1.073216,-34.322414
8.680000,-0.600396,0.600396,0.000000,-1.027868,-34.408274
8.690000,-0.667337,0.667337,0.000000,-0.978344,-34.498173
8.700000,-0.737179,0.737179,0.000000,-0.924762,-34.592070
8.710000,-0.809046,0.809046,0.000000,-0.867267,-34.689923
8.720000,-0.881954,0.881954,0.000000,-0.806031,-34.791695
8.730000,-0.954827,0.954827,0.000000,-0.741254,-34.897351
8.740000,-1.026512,1.026512,0.000000,-0.673161,-35.006858
8.750000,-1.095811,1.095811,0.000000,-0.602003,-35.120185
8.760000,-1.161508,1.161508,0.000000,-0.528051,-35.237297
8.770000,-1.222405,1.222405,0.000000,-0.451595,-35.358151
8.780000,-1.277365,1.277365,0.000000,-0.372935,-35.482697
8.790000,-1.325340,1.325340,0.000000,-0.292382,-35.610863
8.800000,-1.365412,1.365412,0.000000,-0.210249,-35.742557
8.810000,-1.396813,1.396813,0.000000,-0.126852,-35.877653
8.820000,-1.418951,1.418951,0.000000,-0.042506,-36.015984
8.830000,-1.431425,1.431425,0.000000,0.042473,-36.157333
8.840000,-1.434036,1.434036,0.000000,0.127766,-36.301423
8.850000,-1.426795,1.426795,0.000000,0.213045,-36.447907
8.860000,-1.409923,1.409923,0.000000,0.297969,-36.596360
8.870000,-1.383858,1.383858,0.000000,0.382179,-36.746274
8.880000,-1.349250,1.349250,0.000000,0.465296,-36.897060
8.890000,-1.306949,1.306949,0.000000,0.546917,-37.048050
8.900000,-1.257991,1.257991,0.000000,0.626620,-37.198518
8.910000,-1.203569,1.203569,0.000000,0.703971,-37.347699
8.920000,-1.144987,1.144987,0.000000,0.778533,-37.494819
8.930000,-1.083620,1.083620,0.000000,0.849884,-37.639132
8.940000,-1.020848,1.020848,0.000000,0.917622,-37.779948
8.950000,-0.958013,0.958013,0.000000,0.981386,-37.916658
8.960000,-0.896366,0.896366,0.000000,1.040855,-38.048752
8.970000,-0.837033,0.837033,0.000000,1.095756,-38.175824
8.980000,-0.780997,0.780997,0.000000,1.145864,-38.297570
8.990000,-0.729090,0.729090,0.000000,1.190996,-38.413775
9.000000,-0.681993,0.681993,0.000000,1.231007,-38.524299
9.010000,-0.640251,0.640251,0.000000,1.265787,-38.629063
9.020000,-0.604288,0.604288,0.000000,1.295249,-38.728032
9.030000,-0.574425,0.574425,0.000000,1.319329,-38.821199
9.040000,-0.550896,0.550896,0.000000,1.337980,-38.908575
9.050000,-0.533870,0.533870,0.000000,1.351169,-38.990180
9.060000,-0.523456,0.523456,0.000000,1.358875,-39.066036
9.070000,-0.519723,0.519723,0.000000,1.361084,-39.136158
9.080000,-0.522699,0.522699,0.000000,1.357794,-39.200559
9.090000,-0.532377,0.532377,0.000000,1.349010,-39.259241
9.100000,-0.548713,0.548713,0.000000,1.334747,-39.312198
9.110000,-0.571623,0.571623,0.000000,1.315029,-39.359419
9.120000,-0.600971,0.600971,0.000000,1.289891,-39.400882
9.130000,-0.636558,0.636558,0.000000,1.259379,-39.436566
9.140000,-0.678109,0.678109,0.000000,1.223555,-39.466444
9.150000,-0.725256,0.725256,0.000000,1.182496,-39.490493
9.160000,-0.777518,0.777518,0.000000,1.136295,-39.508692
9.170000,-0.834286,0.834286,0.000000,1.085068,-39.521029
9.180000,-0.894811,0.894811,0.000000,1.028952,-39.527503
9.190000,-0.958188,0.958188,0.000000,0.968110,-39.528125
9.200000,-1.023356,1.023356,0.000000,0.902732,-39.522929
9.210000,-1.089100,1.089100,0.000000,0.833037,-39.511968
9.220000,-1.154066,1.154066,0.000000,0.759276,-39.495321
9.230000,-1.216786,1.216786,0.000000,0.681730,-39.473098
9.240000,-1.275712,1.275712,0.000000,0.600714,-39.445442
9.250000,-1.329271,1.329271,0.000000,0.516572,-39.412533
9.260000,-1.375914,1.375914,0.000000,0.429679,-39.374590
9.270000,-1.414186,1.414186,0.000000,0.340436,-39.331874
9.280000,-1.442787,1.442787,0.000000,0.249267,-39.284689
9.290000,-1.460640,1.460640,0.000000,0.156615,-39.233383
9.300000,-1.466940,1.466940,0.000000,0.062938,-39.178347
9.310000,-1.461202,1.461202,0.000000,-0.031299,-39.120015
9.320000,-1.443282,1.443282,0.000000,-0.125628,-39.058857
9.330000,-1.413390,1.413390,0.000000,-0.219584,-38.995378
9.340000,-1.372072,1.372072,0.000000,-0.312709,-38.930113
9.350000,-1.320188,1.320188,0.000000,-0.404560,-38.863613
9.360000,-1.258861,1.258861,0.000000,-0.494712,-38.796447
9.370000,-1.189427,1.189427,0.000000,-0.582759,-38.729183
9.380000,-1.113367,1.113367,0.000000,-0.668324,-38.662386
9.390000,-1.032249,1.032249,0.000000,-0.751056,-38.596603
9.400000,-0.947662,0.947662,0.000000,-0.830633,-38.532361
9.410000,-0.861162,0.861162,0.000000,-0.906765,-38.470153
9.420000,-0.774226,0.774226,0.000000,-0.979194,-38.410434
9.430000,-0.688214,0.688214,0.000000,-1.047693,-38.353618
9.440000,-0.604346,0.604346,0.000000,-1.112067,-38.300072
9.450000,-0.523687,0.523687,0.000000,-1.172148,-38.250116
9.460000,-0.447141,0.447141,0.000000,-1.227797,-38.204027
9.470000,-0.375455,0.375455,0.000000,-1.278900,-38.162036
9.480000,-0.309232,0.309232,0.000000,-1.325366,-38.124332
9.490000,-0.248943,0.248943,0.000000,-1.367122,-38.091070
9.500000,-0.194943,0.194943,0.000000,-1.404113,-38.062372
9.510000,-0.147492,0.147492,0.000000,-1.436298,-38.038331
9.520000,-0.106773,0.106773,0.000000,-1.463647,-38.019019
9.530000,-0.072909,0.072909,0.000000,-1.486139,-38.004490
9.540000,-0.045977,0.045977,0.000000,-1.503759,-37.994780
9.550000,-0.026024,0.026024,0.000000,-1.516498,-37.989917
9.560000,-0.013075,0.013075,0.000000,-1.524350,-37.989917
9.570000,-0.007142,0.007142,0.000000,-1.527313,-37.994791
9.580000,-0.008231,0.008231,0.000000,-1.525386,-38.004541
9.590000,-0.016337,0.016337,0.000000,-1.518569,-38.019166
9.600000,-0.031451,0.031451,0.000000,-1.506865,-38.038654
9.610000,-0.053551,0.053551,0.000000,-1.490280,-38.062987
9.620000,-0.082595,0.082595,0.000000,-1.468822,-38.092135
9.630000,-0.118515,0.118515,0.000000,-1.442506,-38.126057
9.640000,-0.161197,0.161197,0.000000,-1.411352,-38.164691
9.650000,-0.210475,0.210475,0.000000,-1.375389,-38.207957
9.660000,-0.266109,0.266109,0.000000,-1.334657,-38.255748
9.670000,-0.327766,0.327766,0.000000,-1.289208,-38.307929
9.680000,-0.395006,0.395006,0.000000,-1.239112,-38.364330
9.690000,-0.467262,0.467262,0.000000,-1.184455,-38.424743
9.700000,-0.543826,0.543826,0.000000,-1.125343,-38.488922
9.710000,-0.623838,0.623838,0.000000,-1.061905,-38.556578
9.720000,-0.706278,0.706278,0.000000,-0.994296,-38.627380
9.730000,-0.789973,0.789973,0.000000,-0.922694,-38.700956
9.740000,-0.873602,0.873602,0.000000,-0.847307,-38.776895
9.750000,-0.955721,0.955721,0.000000,-0.768368,-38.854752
9.760000,-1.034790,1.034790,0.000000,-0.686142,-38.934053
9.770000,-1.109218,1.109218,0.000000,-0.600920,-39.014303
9.780000,-1.177409,1.177409,0.000000,-0.513023,-39.094992
9.790000,-1.237825,1.237825,0.000000,-0.422799,-39.175602
9.800000,-1.289045,1.289045,0.000000,-0.330621,-39.255620
9.810000,-1.329832,1.329832,0.000000,-0.236888,-39.334538
9.820000,-1.359192,1.359192,0.000000,-0.142019,-39.411867
9.830000,-1.376425,1.376425,0.000000,-0.046453,-39.487139
9.840000,-1.381166,1.381166,0.000000,0.049361,-39.559914
9.850000,-1.373408,1.373408,0.000000,0.144964,-39.629783
9.860000,-1.353504,1.353504,0.000000,0.239895,-39.696372
9.870000,-1.322150,1.322150,0.000000,0.333700,-39.759342
9.880000,-1.280352,1.280352,0.000000,0.425931,-39.818390
9.890000,-1.229373,1.229373,0.000000,0.516161,-39.873252
9.900000,-1.170671,1.170671,0.000000,0.603982,-39.923696
9.910000,-1.105830,1.105830,0.000000,0.689014,-39.969524
9.920000,-1.036494,1.036494,0.000000,0.770908,-40.010570
9.930000,-0.964299,0.964299,0.000000,0.849345,-40.046698
9.940000,-0.890820,0.890820,0.000000,0.924043,-40.077794
9.950000,-0.817524,0.817524,0.000000,0.994750,-40.103771
9.960000,-0.745740,0.745740,0.000000,1.061250,-40.124564
9.970000,-0.676637,0.676637,0.000000,1.123356,-40.140123
9.980000,-0.611219,0.611219,0.000000,1.180913,-40.150415
9.990000,-0.550321,0.550321,0.000000,1.233788,-40.155424
10.000000,-0.494620,0.494620,0.000000,1.281875,-40.155140
